"Country","Prod1","Prod2","Prod3","Prod4","Prod5","Prod6","Prod7","Prod8","Prod_Count","Popu_Prod"
"Albania",46,26,0,0,0,9,9,0,46,"Prod1"
"Andorra",219,38,0,5,0,0,0,2,219,"Prod1"
"Argentina",43,6,0,0,0,1,0,13,43,"Prod1"
"Belarus",72,0,0,0,0,0,0,1,72,"Prod1"
"Bermuda",74,39,0,0,0,0,0,0,74,"Prod1"
"Bosnia and Herzegovina",98,33,0,0,1,4,2,8,98,"Prod1"
"Bulgaria",919,287,0,0,5,6,6,4,919,"Prod1"
"Colombia",22,0,0,0,0,0,0,0,22,"Prod1"
"Costa Rica",59,11,0,0,0,0,1,0,59,"Prod1"
"Croatia",2104,801,0,0,15,50,35,93,2104,"Prod1"
"Cyprus",1954,518,0,49,11,26,89,248,1954,"Prod1"
"Czech Republic",1984,1197,0,14,14,28,17,114,1984,"Prod1"
"Diego Garcia",16,21,0,0,0,0,0,0,21,"Prod2"
"Estonia",256,36,0,0,0,7,0,2,256,"Prod1"
"Finland",1273,505,0,13,17,28,5,55,1273,"Prod1"
"FYR Macedonia",18,0,0,0,0,0,0,1,18,"Prod1"
"Georgia",38,5,0,0,0,0,0,0,38,"Prod1"
"Gibraltar",1,0,0,0,0,0,0,0,1,"Prod1"
"Greenland",201,37,0,4,0,0,1,15,201,"Prod1"
"Holland",968,375,0,0,0,0,0,1,968,"Prod1"
"Hungary",2447,822,0,163,46,23,13,76,2447,"Prod1"
"Iceland",8,0,0,11,0,0,0,1,11,"Prod4"
"Ireland",51,0,0,0,0,0,0,0,51,"Prod1"
"Israel",254,168,0,32,4,1,0,4,254,"Prod1"
"Japan",121,15,0,0,0,6,0,4,121,"Prod1"
"Latvia",42,15,0,0,0,0,0,0,42,"Prod1"
"Lebanon",103,131,0,0,0,0,0,3,131,"Prod2"
"Liechtenstein",699,135,0,0,0,2,3,14,699,"Prod1"
"Lithuania",496,129,0,0,0,3,1,0,496,"Prod1"
"Malta",535,144,0,4,1,13,0,24,535,"Prod1"
"Martinique",56,4,0,0,26,0,0,0,56,"Prod1"
"Mauritius",69,0,0,0,0,0,0,0,69,"Prod1"
"Mexico",13,8,0,0,0,0,0,2,13,"Prod1"
"Moldavia",4,0,0,0,0,0,0,0,4,"Prod1"
"Monaco",15,0,0,0,0,0,0,3,15,"Prod1"
"Mongolia",27,0,0,0,0,0,0,0,27,"Prod1"
"Morocco",20,17,0,0,0,0,0,0,20,"Prod1"
"Netherlands Antilles",4,4,0,0,0,0,0,0,4,"Prod1"
"New Zealand",66,15,0,0,0,0,0,0,66,"Prod1"
"Nigeria",70,0,0,0,0,0,0,0,70,"Prod1"
"Norfolk Island",126,0,0,0,0,0,0,0,126,"Prod1"
"Pitcairn",12,7,0,0,0,0,0,0,12,"Prod1"
"Puerto Rico",55,0,0,0,0,0,0,0,55,"Prod1"
"Romania",875,339,0,0,17,14,2,2,875,"Prod1"
"Russian Federation",723,106,0,0,0,0,0,0,723,"Prod1"
"Serbia and Montenegro",119,35,0,0,0,1,0,6,119,"Prod1"
"Singapore",15,0,0,0,0,0,0,0,15,"Prod1"
"Slovakia",1531,583,0,0,8,41,59,80,1531,"Prod1"
"Slovenia",3933,1312,0,0,61,152,26,169,3933,"Prod1"
"South Africa",399,23,0,0,0,0,0,13,399,"Prod1"
"Switzerland",20826,5437,0,774,159,361,206,1287,20826,"Prod1"
"Syria",30,6,0,0,0,0,1,3,30,"Prod1"
"Taiwan",2,2,0,0,0,0,0,4,4,"Prod8"
"Thailand",31,0,0,0,0,0,0,0,31,"Prod1"
"Ukraine",1,98,0,0,0,0,0,0,98,"Prod2"
"United Arab Emirates",12,0,0,0,0,0,0,0,12,"Prod1"
"United States Virgin Islands",10,4,0,0,0,0,0,5,10,"Prod1"
"Uruguay",50,13,0,1,0,0,0,0,50,"Prod1"
"Vietnam",0,1,0,0,0,0,0,0,1,"Prod2"
